url,timestamp,likeCount,commentCount,caption,imageCount,firstImageUrl,firstImageFormula,imageUrls,imageFormulas,imageDimensions
https://www.instagram.com/p/DXtsRL9IAHf/,2026-04-29T11:29:26.000Z,105,2,"Make every little celebration count 🎂✨

Perayaan kecil terasa lebih spesial dengan Black Forest Cake. Perpaduan cake cokelat yang lembut, cream yang nikmat disertai cherry pilihan jadi pilihan sempurna untuk melengkapi momen ulang tahun yang sederhana tapi penuh makna.

Rayakan momenmu dengan yang manis 🍫

#HollandBakery #HollandBakeryMoments #PerempuanBerkarya
#ShareYourMoment",1,https://raw.githubusercontent.com/ericc-ch/dataset-ig-bakery/main/data/images/hollandbakeryindonesia-DXtsRL9IAHf-0.jpg,"=IMAGE(""https://raw.githubusercontent.com/ericc-ch/dataset-ig-bakery/main/data/images/hollandbakeryindonesia-DXtsRL9IAHf-0.jpg"")",https://raw.githubusercontent.com/ericc-ch/dataset-ig-bakery/main/data/images/hollandbakeryindonesia-DXtsRL9IAHf-0.jpg,"=IMAGE(""https://raw.githubusercontent.com/ericc-ch/dataset-ig-bakery/main/data/images/hollandbakeryindonesia-DXtsRL9IAHf-0.jpg"")",1638x2048
https://www.instagram.com/p/DXq62puDNZX/,2026-04-28T09:39:09.000Z,3,0,"You did it, now treat yourself 🍫 

Setelah satu tugas penting akhirnya selesai, camilan manis bisa jadi teman terbaik. Chocolate custard bread dengan tekstur lembut dan rasa yang nikmat, jadi bentuk apresiasi kecil untuk semua effort yang sudah kamu berikan.

#HollandBakery #hollandbakerymoments #PerempuanBerkarya #ShareYourMoment",1,https://raw.githubusercontent.com/ericc-ch/dataset-ig-bakery/main/data/images/hollandbakeryindonesia-DXq62puDNZX-0.jpg,"=IMAGE(""https://raw.githubusercontent.com/ericc-ch/dataset-ig-bakery/main/data/images/hollandbakeryindonesia-DXq62puDNZX-0.jpg"")",https://raw.githubusercontent.com/ericc-ch/dataset-ig-bakery/main/data/images/hollandbakeryindonesia-DXq62puDNZX-0.jpg,"=IMAGE(""https://raw.githubusercontent.com/ericc-ch/dataset-ig-bakery/main/data/images/hollandbakeryindonesia-DXq62puDNZX-0.jpg"")",1638x2048
https://www.instagram.com/p/DXoVSFTEUiG/,2026-04-27T09:32:22.000Z,3,2,"Sajian manis yang pas untuk melengkapi momen arisan.

Kelezatan kue Pepe yang legit dengan tampilan yang cantik dan Chiffon Cake Pandan yang lembut jadi kombinasi pas untuk menemani momen arisan. Sederhana, tapi selalu jadi favorit di setiap kebersamaan.

Bikin momen arisan jadi lebih spesial ✨

#HollandBakery #HollandBakeryMoments #perempuanberkarya #ShareYourMoment",1,https://raw.githubusercontent.com/ericc-ch/dataset-ig-bakery/main/data/images/hollandbakeryindonesia-DXoVSFTEUiG-0.jpg,"=IMAGE(""https://raw.githubusercontent.com/ericc-ch/dataset-ig-bakery/main/data/images/hollandbakeryindonesia-DXoVSFTEUiG-0.jpg"")",https://raw.githubusercontent.com/ericc-ch/dataset-ig-bakery/main/data/images/hollandbakeryindonesia-DXoVSFTEUiG-0.jpg,"=IMAGE(""https://raw.githubusercontent.com/ericc-ch/dataset-ig-bakery/main/data/images/hollandbakeryindonesia-DXoVSFTEUiG-0.jpg"")",1638x2048
https://www.instagram.com/p/DXnZO1GEloO/,2026-04-27T00:47:37.000Z,74,1,"GRAND OPENING PROMOTION: DISKON 20% !

Hi Holland Bakery Lovers, telah dibuka outlet baru Holland Bakery Nusa Dua (Jl. Kurusetra No. 820 E Benoa, Kec. Kuta Selatan, Kab. Badung - Bali)

No telp: 0895 7026 86665

Nikmati SPESIAL DISKON 20% untuk semua produk favoritmu mulai tanggal 27 April s/d 03 Mei 2026

Yuk serbu sekarang sebelum kehabisan!",1,https://raw.githubusercontent.com/ericc-ch/dataset-ig-bakery/main/data/images/hollandbakeryindonesia-DXnZO1GEloO-0.jpg,"=IMAGE(""https://raw.githubusercontent.com/ericc-ch/dataset-ig-bakery/main/data/images/hollandbakeryindonesia-DXnZO1GEloO-0.jpg"")",https://raw.githubusercontent.com/ericc-ch/dataset-ig-bakery/main/data/images/hollandbakeryindonesia-DXnZO1GEloO-0.jpg,"=IMAGE(""https://raw.githubusercontent.com/ericc-ch/dataset-ig-bakery/main/data/images/hollandbakeryindonesia-DXnZO1GEloO-0.jpg"")",1280x1600
https://www.instagram.com/p/DXeFSFljKLM/,2026-04-23T10:00:08.000Z,52,6,"A taste of Singapore in every bite✨

Nikmati Singapore Kaya Toast, hidangan klasik ala Singapura dengan roti panggang, selai srikaya, dan butter yang lumer di setiap gigitan. Makin nikmat disantap bersama kopi atau teh hangat favoritmu.

#HollandBakery 
#HollandBakeryMoments
#PerempuanBerkarya
#ShareYourMoment",1,https://raw.githubusercontent.com/ericc-ch/dataset-ig-bakery/main/data/images/hollandbakeryindonesia-DXeFSFljKLM-0.jpg,"=IMAGE(""https://raw.githubusercontent.com/ericc-ch/dataset-ig-bakery/main/data/images/hollandbakeryindonesia-DXeFSFljKLM-0.jpg"")",https://raw.githubusercontent.com/ericc-ch/dataset-ig-bakery/main/data/images/hollandbakeryindonesia-DXeFSFljKLM-0.jpg,"=IMAGE(""https://raw.githubusercontent.com/ericc-ch/dataset-ig-bakery/main/data/images/hollandbakeryindonesia-DXeFSFljKLM-0.jpg"")",1638x2048
https://www.instagram.com/p/DXb1cFomLF9/,2026-04-22T13:03:14.000Z,83,0,"Little pause, little sweetness ✨

Di tengah hari yang sibuk, camilan ringan dan lembut bisa jadi teman terbaik untuk recharge. Praktis dibawa ke mana saja, dan pas dinikmati saat kamu butuh waktu santai sejenak.

Yuk, beli roti manis bulat sekarang!

#HollandBakery 
#HollandBakeryMoments
#PerempuanBerkarya
#ShareYourMoment",1,https://raw.githubusercontent.com/ericc-ch/dataset-ig-bakery/main/data/images/hollandbakeryindonesia-DXb1cFomLF9-0.jpg,"=IMAGE(""https://raw.githubusercontent.com/ericc-ch/dataset-ig-bakery/main/data/images/hollandbakeryindonesia-DXb1cFomLF9-0.jpg"")",https://raw.githubusercontent.com/ericc-ch/dataset-ig-bakery/main/data/images/hollandbakeryindonesia-DXb1cFomLF9-0.jpg,"=IMAGE(""https://raw.githubusercontent.com/ericc-ch/dataset-ig-bakery/main/data/images/hollandbakeryindonesia-DXb1cFomLF9-0.jpg"")",1638x2048
https://www.instagram.com/p/DXWRJnAgZyw/,2026-04-20T09:09:55.000Z,101,6,"Celebrate Kartini with something meaningful ✨

Kue Pepe dengan lapisan berwarna yang cantik dan tekstur yang legit adalah pilihan tepat untuk hantaran di Hari Kartini. Lebih dari sekedar lezat, setiap lapisannya menggambarkan indahnya keberagaman perempuan Indonesia.

Yuk, bagikan manisnya di hari istimewa ini 🌸

#HollandBakery #HollandBakeryMoments #PerempuanBerkarya #ShareYourMoment",1,https://raw.githubusercontent.com/ericc-ch/dataset-ig-bakery/main/data/images/hollandbakeryindonesia-DXWRJnAgZyw-0.jpg,"=IMAGE(""https://raw.githubusercontent.com/ericc-ch/dataset-ig-bakery/main/data/images/hollandbakeryindonesia-DXWRJnAgZyw-0.jpg"")",https://raw.githubusercontent.com/ericc-ch/dataset-ig-bakery/main/data/images/hollandbakeryindonesia-DXWRJnAgZyw-0.jpg,"=IMAGE(""https://raw.githubusercontent.com/ericc-ch/dataset-ig-bakery/main/data/images/hollandbakeryindonesia-DXWRJnAgZyw-0.jpg"")",1638x2048
https://www.instagram.com/p/DXMRdzmAUCg/,2026-04-16T12:00:17.000Z,51,0,"Biggest reward for a loongg day!

Peach Pastry dengan tekstur pastry yang ringan dan filling peach yang lembut, nikmat dinikmati bersama teh atau kopi hangat ✨

Yuk, jadiin Peach Pastry sebagai penutup harimu 🍑

#HollandBakery #HollandBakeryMoments #PerempuanBerkarya #ShareYourMoment",1,https://raw.githubusercontent.com/ericc-ch/dataset-ig-bakery/main/data/images/hollandbakeryindonesia-DXMRdzmAUCg-0.jpg,"=IMAGE(""https://raw.githubusercontent.com/ericc-ch/dataset-ig-bakery/main/data/images/hollandbakeryindonesia-DXMRdzmAUCg-0.jpg"")",https://raw.githubusercontent.com/ericc-ch/dataset-ig-bakery/main/data/images/hollandbakeryindonesia-DXMRdzmAUCg-0.jpg,"=IMAGE(""https://raw.githubusercontent.com/ericc-ch/dataset-ig-bakery/main/data/images/hollandbakeryindonesia-DXMRdzmAUCg-0.jpg"")",1638x2048
https://www.instagram.com/p/DXJsyS2ko_h/,2026-04-15T12:01:17.000Z,87,0,"Bagi pecinta cokelat, satu kata saja cukup: more.

Chocolate John dan Chocolate Custard Bread dari Holland Bakery hadir dengan roti lembut dan cokelat yang melimpah di setiap gigitan.

Pilihan sempurna untuk memuaskan craving para chocolate addict.

#HollandBakery #HollandBakeryMoments #PerempuanBerkarya #ShareYourMoment",1,https://raw.githubusercontent.com/ericc-ch/dataset-ig-bakery/main/data/images/hollandbakeryindonesia-DXJsyS2ko_h-0.jpg,"=IMAGE(""https://raw.githubusercontent.com/ericc-ch/dataset-ig-bakery/main/data/images/hollandbakeryindonesia-DXJsyS2ko_h-0.jpg"")",https://raw.githubusercontent.com/ericc-ch/dataset-ig-bakery/main/data/images/hollandbakeryindonesia-DXJsyS2ko_h-0.jpg,"=IMAGE(""https://raw.githubusercontent.com/ericc-ch/dataset-ig-bakery/main/data/images/hollandbakeryindonesia-DXJsyS2ko_h-0.jpg"")",1638x2048
https://www.instagram.com/p/DXG3KEwEmGf/,2026-04-14T09:34:11.000Z,130,4,"Deadline belum selesai, tapi energi mulai turun?

Saatnya recharge sejenak dengan American Cheese Roll dari Holland Bakery.
Pastry premium dengan isian cream cheese lembut dan kaya rasa, terinspirasi dari favorit Negeri Paman Sam—pas jadi late-night fuel di tengah pekerjaan kamu.

Biar malam tetap produktif, dengan sedikit treat yang nikmat.

#HollandBakery #HollandBakeryMoments #PerempuanBerkarya #ShareYourMoment",1,https://raw.githubusercontent.com/ericc-ch/dataset-ig-bakery/main/data/images/hollandbakeryindonesia-DXG3KEwEmGf-0.jpg,"=IMAGE(""https://raw.githubusercontent.com/ericc-ch/dataset-ig-bakery/main/data/images/hollandbakeryindonesia-DXG3KEwEmGf-0.jpg"")",https://raw.githubusercontent.com/ericc-ch/dataset-ig-bakery/main/data/images/hollandbakeryindonesia-DXG3KEwEmGf-0.jpg,"=IMAGE(""https://raw.githubusercontent.com/ericc-ch/dataset-ig-bakery/main/data/images/hollandbakeryindonesia-DXG3KEwEmGf-0.jpg"")",1638x2048
https://www.instagram.com/p/DXEUZ0WjRGK/,2026-04-13T09:52:01.000Z,83,2,"Tahukah kamu?

 Roti tawar sering disebut sebagai salah satu roti paling “serbaguna” di dunia. Bisa jadi toast, sandwich, sampai dessert sederhana.

Dengan tekstur lembut dan rasa yang ringan, Roti Tawar Premium dari Holland Bakery cocok dipadukan dengan berbagai topping favorit untuk sarapan keluarga.

Yuk mulai pagi dengan kreasi sarapan favoritmu.

#HollandBakery #HollandBakeryMoments #PerempuanBerkarya #ShareYourMoment",2,https://raw.githubusercontent.com/ericc-ch/dataset-ig-bakery/main/data/images/hollandbakeryindonesia-DXEUZ0WjRGK-0.jpg,"=IMAGE(""https://raw.githubusercontent.com/ericc-ch/dataset-ig-bakery/main/data/images/hollandbakeryindonesia-DXEUZ0WjRGK-0.jpg"")",https://raw.githubusercontent.com/ericc-ch/dataset-ig-bakery/main/data/images/hollandbakeryindonesia-DXEUZ0WjRGK-0.jpg | https://raw.githubusercontent.com/ericc-ch/dataset-ig-bakery/main/data/images/hollandbakeryindonesia-DXEUZ0WjRGK-1.jpg,"=IMAGE(""https://raw.githubusercontent.com/ericc-ch/dataset-ig-bakery/main/data/images/hollandbakeryindonesia-DXEUZ0WjRGK-0.jpg"") | =IMAGE(""https://raw.githubusercontent.com/ericc-ch/dataset-ig-bakery/main/data/images/hollandbakeryindonesia-DXEUZ0WjRGK-1.jpg"")",1639x2048 | 1639x2048
https://www.instagram.com/p/DW6P_7_CQP9/,2026-04-09T12:01:08.000Z,71,0,"Teman kecil di sela pagi yang sibuk 🥖 🥖

Sepotong roti lembut dari Holland Bakery cocok dinikmati bersama secangkir teh atau kopi hangat. Sederhana, tapi membuat pagi terasa lebih nyaman.

Praktis, familiar, dan mudah dinikmati kapan saja

#HollandBakery #HollandBakeryMoments #PerempuanBerkarya #ShareYourMoment",1,https://raw.githubusercontent.com/ericc-ch/dataset-ig-bakery/main/data/images/hollandbakeryindonesia-DW6P_7_CQP9-0.jpg,"=IMAGE(""https://raw.githubusercontent.com/ericc-ch/dataset-ig-bakery/main/data/images/hollandbakeryindonesia-DW6P_7_CQP9-0.jpg"")",https://raw.githubusercontent.com/ericc-ch/dataset-ig-bakery/main/data/images/hollandbakeryindonesia-DW6P_7_CQP9-0.jpg,"=IMAGE(""https://raw.githubusercontent.com/ericc-ch/dataset-ig-bakery/main/data/images/hollandbakeryindonesia-DW6P_7_CQP9-0.jpg"")",1639x2048
https://www.instagram.com/p/DW3rNX-mbIS/,2026-04-08T12:01:11.000Z,57,1,"Break jadi lebih seru dengan dua produk ini!

Pudding Fruit Cocktail yang segar dipadukan dengan Tuna Cheese Wheat Sandwich yang gurih dari Holland Bakery jadi kombinasi pas untuk menemani jeda di tengah aktivitas kantormu. Ringan, praktis, dan tetap mengenyangkan.

Sudah ambil snack break hari ini?

#HollandBakery #HollandBakeryMoments #PerempuanBerkarya #ShareYourMoment",1,https://raw.githubusercontent.com/ericc-ch/dataset-ig-bakery/main/data/images/hollandbakeryindonesia-DW3rNX-mbIS-0.jpg,"=IMAGE(""https://raw.githubusercontent.com/ericc-ch/dataset-ig-bakery/main/data/images/hollandbakeryindonesia-DW3rNX-mbIS-0.jpg"")",https://raw.githubusercontent.com/ericc-ch/dataset-ig-bakery/main/data/images/hollandbakeryindonesia-DW3rNX-mbIS-0.jpg,"=IMAGE(""https://raw.githubusercontent.com/ericc-ch/dataset-ig-bakery/main/data/images/hollandbakeryindonesia-DW3rNX-mbIS-0.jpg"")",1639x2048
https://www.instagram.com/p/DW1GcIbiJ6D/,2026-04-07T12:01:25.000Z,54,7,"Roti Sosis Sapi dari Holland Bakery, pilihan quick bite yang praktis

Perpaduan roti lembut dan sosis sapi gurih membuatnya pas untuk kamu yang sedang sibuk – sibuknya. Sederhana, tapi tetap mengenyangkan!

#HollandBakery #HollandBakeryMoments #PerempuanBerkarya #ShareYourMoment",1,https://raw.githubusercontent.com/ericc-ch/dataset-ig-bakery/main/data/images/hollandbakeryindonesia-DW1GcIbiJ6D-0.jpg,"=IMAGE(""https://raw.githubusercontent.com/ericc-ch/dataset-ig-bakery/main/data/images/hollandbakeryindonesia-DW1GcIbiJ6D-0.jpg"")",https://raw.githubusercontent.com/ericc-ch/dataset-ig-bakery/main/data/images/hollandbakeryindonesia-DW1GcIbiJ6D-0.jpg,"=IMAGE(""https://raw.githubusercontent.com/ericc-ch/dataset-ig-bakery/main/data/images/hollandbakeryindonesia-DW1GcIbiJ6D-0.jpg"")",1639x2048
https://www.instagram.com/p/DWyhid2Dsg6/,2026-04-06T12:00:28.000Z,84,6,"Mood booster yang sederhana 🍫

Donat lembut dengan topping chocolate mesis yang melimpah dari Chocolate John yang legendaris, menemani waktu santai dan aktivitas harianmu.
Yuk beli sekarang!

#HollandBakery #HollandBakeryMoments #PerempuanBerkarya #ShareYourMoment",1,https://raw.githubusercontent.com/ericc-ch/dataset-ig-bakery/main/data/images/hollandbakeryindonesia-DWyhid2Dsg6-0.jpg,"=IMAGE(""https://raw.githubusercontent.com/ericc-ch/dataset-ig-bakery/main/data/images/hollandbakeryindonesia-DWyhid2Dsg6-0.jpg"")",https://raw.githubusercontent.com/ericc-ch/dataset-ig-bakery/main/data/images/hollandbakeryindonesia-DWyhid2Dsg6-0.jpg,"=IMAGE(""https://raw.githubusercontent.com/ericc-ch/dataset-ig-bakery/main/data/images/hollandbakeryindonesia-DWyhid2Dsg6-0.jpg"")",1639x2048
https://www.instagram.com/p/DWnXdslgXrk/,2026-04-02T04:00:47.000Z,78,2,"Saatnya dessert time. ✨

Pudding Fruit Cocktail dari Holland Bakery memadukan puding lembut dengan aneka buah segar yang menghadirkan rasa manis dan menyegarkan. Pilihan tepat untuk melengkapi waktu santai bersama orang tersayang.

Nikmati kesegarannya di setiap gigitan.

#HollandBakery #HollandBakeryMoments #PerempuanBerkarya #ShareYourMoment",2,https://raw.githubusercontent.com/ericc-ch/dataset-ig-bakery/main/data/images/hollandbakeryindonesia-DWnXdslgXrk-0.jpg,"=IMAGE(""https://raw.githubusercontent.com/ericc-ch/dataset-ig-bakery/main/data/images/hollandbakeryindonesia-DWnXdslgXrk-0.jpg"")",https://raw.githubusercontent.com/ericc-ch/dataset-ig-bakery/main/data/images/hollandbakeryindonesia-DWnXdslgXrk-0.jpg | https://raw.githubusercontent.com/ericc-ch/dataset-ig-bakery/main/data/images/hollandbakeryindonesia-DWnXdslgXrk-1.jpg,"=IMAGE(""https://raw.githubusercontent.com/ericc-ch/dataset-ig-bakery/main/data/images/hollandbakeryindonesia-DWnXdslgXrk-0.jpg"") | =IMAGE(""https://raw.githubusercontent.com/ericc-ch/dataset-ig-bakery/main/data/images/hollandbakeryindonesia-DWnXdslgXrk-1.jpg"")",1639x2048 | 1639x2048
https://www.instagram.com/p/DWkz2qOjYgX/,2026-04-01T04:11:08.000Z,54,6,"Teman santai yang selalu pas🥪

Tuna Cheese Wheat Sandwich dari Holland Bakery hadir dengan roti gandum sehat dan kombinasi isi tuna, keju dan olive oil yang nikmat. Cocok dinikmati saat rehat sejenak atau menemani waktu santai di rumah.

Nikmati momen santaimu dengan camilan praktis ini.

#HollandBakery #HollandBakeryMoments #PerempuanBerkarya #ShareYourMoment",1,https://raw.githubusercontent.com/ericc-ch/dataset-ig-bakery/main/data/images/hollandbakeryindonesia-DWkz2qOjYgX-0.jpg,"=IMAGE(""https://raw.githubusercontent.com/ericc-ch/dataset-ig-bakery/main/data/images/hollandbakeryindonesia-DWkz2qOjYgX-0.jpg"")",https://raw.githubusercontent.com/ericc-ch/dataset-ig-bakery/main/data/images/hollandbakeryindonesia-DWkz2qOjYgX-0.jpg,"=IMAGE(""https://raw.githubusercontent.com/ericc-ch/dataset-ig-bakery/main/data/images/hollandbakeryindonesia-DWkz2qOjYgX-0.jpg"")",1639x2048
https://www.instagram.com/p/DWfiJPeDx9b/,2026-03-30T03:00:11.000Z,112,6,"Jam 3 sore = energi mulai turun 😮‍💨

Saatnya break sebentar dengan Tiger Roll yang moist dan Bolu Gulung Keju yang lembut gurih-manis. Duo snack yang pas buat nemenin recharge di tengah aktivitas.

Buruan pesan duo snack ini di link bio sekarang! ✨

#HollandBakery #TeratasKarenaKualitas #HollandBakeryMarch #MomentofRamadhan #ElevatingEveryMoment",1,https://raw.githubusercontent.com/ericc-ch/dataset-ig-bakery/main/data/images/hollandbakeryindonesia-DWfiJPeDx9b-0.jpg,"=IMAGE(""https://raw.githubusercontent.com/ericc-ch/dataset-ig-bakery/main/data/images/hollandbakeryindonesia-DWfiJPeDx9b-0.jpg"")",https://raw.githubusercontent.com/ericc-ch/dataset-ig-bakery/main/data/images/hollandbakeryindonesia-DWfiJPeDx9b-0.jpg,"=IMAGE(""https://raw.githubusercontent.com/ericc-ch/dataset-ig-bakery/main/data/images/hollandbakeryindonesia-DWfiJPeDx9b-0.jpg"")",1638x2048
https://www.instagram.com/p/DWfbXDYEkYy/,2026-03-30T02:00:54.000Z,291,13,"🚨 HATI-HATI PENIPUAN! 🚨

Kami informasikan bahwa akun Instagram @holland_bakery_jkt BUKAN akun resmi dari Holland Bakery. ❗ ACCOUNT RESMI HANYA @hollandbakeryindonesia ❗

Akun tersebut terindikasi melakukan penipuan dengan mengatasnamakan brand untuk merekrut calon pelamar pekerjaan dengan meminta sejumlah uang.

❗ Jangan melakukan transaksi apa pun
❗ Jangan membagikan data pribadi
❗ Segera laporkan akun tersebut

Tetap waspada dan pastikan kamu hanya mengikuti akun resmi ya 🙏

Yuk bantu share info ini supaya makin banyak yang terhindar dari penipuan",1,https://raw.githubusercontent.com/ericc-ch/dataset-ig-bakery/main/data/images/hollandbakeryindonesia-DWfbXDYEkYy-0.jpg,"=IMAGE(""https://raw.githubusercontent.com/ericc-ch/dataset-ig-bakery/main/data/images/hollandbakeryindonesia-DWfbXDYEkYy-0.jpg"")",https://raw.githubusercontent.com/ericc-ch/dataset-ig-bakery/main/data/images/hollandbakeryindonesia-DWfbXDYEkYy-0.jpg,"=IMAGE(""https://raw.githubusercontent.com/ericc-ch/dataset-ig-bakery/main/data/images/hollandbakeryindonesia-DWfbXDYEkYy-0.jpg"")",1024x1280
https://www.instagram.com/p/DWaYnnODArd/,2026-03-28T03:00:45.000Z,50,5,"Office mode ""ON""💼

Tambahan Chocolate Muffin yang moist dan legit, ready for any work challenge! Buruan siapin muffin ini sekarang di meja kantor!

#HollandBakery #TeratasKarenaKualitas #HollandBakeryMarch #MomentofRamadhan #ElevatingEveryMoment",1,https://raw.githubusercontent.com/ericc-ch/dataset-ig-bakery/main/data/images/hollandbakeryindonesia-DWaYnnODArd-0.jpg,"=IMAGE(""https://raw.githubusercontent.com/ericc-ch/dataset-ig-bakery/main/data/images/hollandbakeryindonesia-DWaYnnODArd-0.jpg"")",https://raw.githubusercontent.com/ericc-ch/dataset-ig-bakery/main/data/images/hollandbakeryindonesia-DWaYnnODArd-0.jpg,"=IMAGE(""https://raw.githubusercontent.com/ericc-ch/dataset-ig-bakery/main/data/images/hollandbakeryindonesia-DWaYnnODArd-0.jpg"")",1638x2048
https://www.instagram.com/p/DWYBfMllKEq/,2026-03-27T05:00:09.000Z,104,10,"Ritual kecil di Minggu pagi ☀️

Sepotong Tiger Roll yang lembut, ditemani kopi hangat menemani waktu santaimu. Simple, tapi selalu terasa pas.

Tim santai di rumah atau keluar cari sarapan? Yuk mampir ke Holland Bakery✨

#HollandBakery #TeratasKarenaKualitas #HollandBakeryMarch #MomentofRamadhan #ElevatingEveryMoment",1,https://raw.githubusercontent.com/ericc-ch/dataset-ig-bakery/main/data/images/hollandbakeryindonesia-DWYBfMllKEq-0.jpg,"=IMAGE(""https://raw.githubusercontent.com/ericc-ch/dataset-ig-bakery/main/data/images/hollandbakeryindonesia-DWYBfMllKEq-0.jpg"")",https://raw.githubusercontent.com/ericc-ch/dataset-ig-bakery/main/data/images/hollandbakeryindonesia-DWYBfMllKEq-0.jpg,"=IMAGE(""https://raw.githubusercontent.com/ericc-ch/dataset-ig-bakery/main/data/images/hollandbakeryindonesia-DWYBfMllKEq-0.jpg"")",1638x2048
https://www.instagram.com/p/DWSjV87iPOy/,2026-03-25T02:00:33.000Z,240,16,"Donut Mini Box itu selalu jadi menu paling ditunggu di rumah. 🍩

Begitu box-nya dibuka, semua langsung berebut, deh!
Ada yang pilih cepat-cepat biar dapat rasa favorit, ada yang pura-pura santai tapi matanya ngitung sisa 👀
Punya saudara artinya belajar berbagi…

Tim pilih duluan atau tim nunggu sisa?

#HollandBakery #TeratasKarenaKualitas #HollandBakeryMarch #MomentofRamadhan #ElevatingEveryMoment",1,https://raw.githubusercontent.com/ericc-ch/dataset-ig-bakery/main/data/images/hollandbakeryindonesia-DWSjV87iPOy-0.jpg,"=IMAGE(""https://raw.githubusercontent.com/ericc-ch/dataset-ig-bakery/main/data/images/hollandbakeryindonesia-DWSjV87iPOy-0.jpg"")",https://raw.githubusercontent.com/ericc-ch/dataset-ig-bakery/main/data/images/hollandbakeryindonesia-DWSjV87iPOy-0.jpg,"=IMAGE(""https://raw.githubusercontent.com/ericc-ch/dataset-ig-bakery/main/data/images/hollandbakeryindonesia-DWSjV87iPOy-0.jpg"")",1152x1440
https://www.instagram.com/p/DWP-iOvgcQJ/,2026-03-24T02:00:25.000Z,93,5,"Kalau sudah ada ini di meja… obrolan makin panjang 😌
Bolu Gulung Keju dengan tekstur lembut dan rasa keju yang nikmat sering jadi teman kumpul favorit. Baru ditaruh di meja, sudah ada yang minta potong duluan 👀

Siapkan sekarang di Holland Bakery sebelum kumpul-kumpul berikutnya!

#HollandBakery #TeratasKarenaKualitas #HollandBakeryMarch #MomentofRamadhan #ElevatingEveryMoment",1,https://raw.githubusercontent.com/ericc-ch/dataset-ig-bakery/main/data/images/hollandbakeryindonesia-DWP-iOvgcQJ-0.jpg,"=IMAGE(""https://raw.githubusercontent.com/ericc-ch/dataset-ig-bakery/main/data/images/hollandbakeryindonesia-DWP-iOvgcQJ-0.jpg"")",https://raw.githubusercontent.com/ericc-ch/dataset-ig-bakery/main/data/images/hollandbakeryindonesia-DWP-iOvgcQJ-0.jpg,"=IMAGE(""https://raw.githubusercontent.com/ericc-ch/dataset-ig-bakery/main/data/images/hollandbakeryindonesia-DWP-iOvgcQJ-0.jpg"")",1152x1440
https://www.instagram.com/p/DWNZ0Ucj4RV/,2026-03-23T02:01:06.000Z,80,9,"Camilan yang selalu habis duluan saat berkumpul ke rumah nenek 👵✨
Risoles Ayam dengan isian ayam dan sayur yang gurih, cocok jadi teman ngobrol sore bareng keluarga.
Buruan mampir ke Holland Bakery dan bawa pulang favorit semua generasi!

#HollandBakery #TeratasKarenaKualitas #HollandBakeryMarch #MomentofRamadhan #ElevatingEveryMoment",1,https://raw.githubusercontent.com/ericc-ch/dataset-ig-bakery/main/data/images/hollandbakeryindonesia-DWNZ0Ucj4RV-0.jpg,"=IMAGE(""https://raw.githubusercontent.com/ericc-ch/dataset-ig-bakery/main/data/images/hollandbakeryindonesia-DWNZ0Ucj4RV-0.jpg"")",https://raw.githubusercontent.com/ericc-ch/dataset-ig-bakery/main/data/images/hollandbakeryindonesia-DWNZ0Ucj4RV-0.jpg,"=IMAGE(""https://raw.githubusercontent.com/ericc-ch/dataset-ig-bakery/main/data/images/hollandbakeryindonesia-DWNZ0Ucj4RV-0.jpg"")",1152x1440
https://www.instagram.com/p/DWFkhd3EkH3/,2026-03-20T01:00:43.000Z,359,33,"Selamat menyambut Hari Raya ✨

Keluarga besar Holland Bakery mengucapkan
Minal Aidin Wal Faidzin, Mohon Maaf Lahir & Batin 🤍

Dalam rangka Hari Raya Idul Fitri 1447 H:
Sebagian besar TOKO OFFLINE kami tetap buka untuk melayani Anda

📴 Layanan ONLINE akan:
* Offline: 21–22 Maret 2026
* 🟢 Kembali Online: 23 Maret 2026

Terima kasih atas pengertian dan kepercayaannya.

Semoga hari kemenangan ini membawa kebahagiaan, kehangatan, dan momen manis bersama orang tersayang 💛

Semoga hari kemenangan ini membawa kebahagiaan, kehangatan, dan momen manis bersama orang tersayang 💛",1,https://raw.githubusercontent.com/ericc-ch/dataset-ig-bakery/main/data/images/hollandbakeryindonesia-DWFkhd3EkH3-0.jpg,"=IMAGE(""https://raw.githubusercontent.com/ericc-ch/dataset-ig-bakery/main/data/images/hollandbakeryindonesia-DWFkhd3EkH3-0.jpg"")",https://raw.githubusercontent.com/ericc-ch/dataset-ig-bakery/main/data/images/hollandbakeryindonesia-DWFkhd3EkH3-0.jpg,"=IMAGE(""https://raw.githubusercontent.com/ericc-ch/dataset-ig-bakery/main/data/images/hollandbakeryindonesia-DWFkhd3EkH3-0.jpg"")",905x1131
https://www.instagram.com/p/DWDGp0AAbts/,2026-03-19T02:01:14.000Z,94,4,"Tamu dadakan? Stay calm 😉🍋

Lemon Cake dari Holland Bakery dengan sponge cake lembut dan rasa lemon segar siap jadi penyelamat meja tamu saat Idul Fitri, bahkan di H+1 sekalipun.
Yuk, langsung amankan di outlet Holland Bakery terdekat 😁

#HollandBakery #TeratasKarenaKualitas #HollandBakeryMarch #MomentofRamadhan #ElevatingEveryMoment #LemonCake",1,https://raw.githubusercontent.com/ericc-ch/dataset-ig-bakery/main/data/images/hollandbakeryindonesia-DWDGp0AAbts-0.jpg,"=IMAGE(""https://raw.githubusercontent.com/ericc-ch/dataset-ig-bakery/main/data/images/hollandbakeryindonesia-DWDGp0AAbts-0.jpg"")",https://raw.githubusercontent.com/ericc-ch/dataset-ig-bakery/main/data/images/hollandbakeryindonesia-DWDGp0AAbts-0.jpg,"=IMAGE(""https://raw.githubusercontent.com/ericc-ch/dataset-ig-bakery/main/data/images/hollandbakeryindonesia-DWDGp0AAbts-0.jpg"")",1152x1440
https://www.instagram.com/p/DWAhvjzDePz/,2026-03-18T02:00:13.000Z,107,10,"Saatnya rayakan kemenangan dengan dessert yang lezat🍫✨

Desire Cake dengan sponge cake moist dan lapisan coklat ganache legit siap jadi reward spesial setelah 30 hari full berpuasa dengan penuh kesabaran. ✨
Yuk, pesan sekarang dan siapkan untuk Hari Raya!

#HollandBakery #TeratasKarenaKualitas #HollandBakeryMarch #MomentofRamadhan #ElevatingEveryMoment #DesireCake",1,https://raw.githubusercontent.com/ericc-ch/dataset-ig-bakery/main/data/images/hollandbakeryindonesia-DWAhvjzDePz-0.jpg,"=IMAGE(""https://raw.githubusercontent.com/ericc-ch/dataset-ig-bakery/main/data/images/hollandbakeryindonesia-DWAhvjzDePz-0.jpg"")",https://raw.githubusercontent.com/ericc-ch/dataset-ig-bakery/main/data/images/hollandbakeryindonesia-DWAhvjzDePz-0.jpg,"=IMAGE(""https://raw.githubusercontent.com/ericc-ch/dataset-ig-bakery/main/data/images/hollandbakeryindonesia-DWAhvjzDePz-0.jpg"")",1152x1440
https://www.instagram.com/p/DV988Q3gTtU/,2026-03-17T02:00:10.000Z,58,9,"Mudik tapi takut laper di jalan? 🚗
Siapin Pastel Ayam Jamur dari Holland Bakery.
 Kulitnya renyah keemasan, isi ayam & jamurnya gurih banget. Cocok buat ganjel perut selama perjalanan.
Yuk, amankan pastel favoritmu sekarang sebelum mudik! ✨

 #HollandBakery  #TeratasKarenaKualitas #HollandBakeryMarch #MomentRamadhan#ElevatingEveryMoment",1,https://raw.githubusercontent.com/ericc-ch/dataset-ig-bakery/main/data/images/hollandbakeryindonesia-DV988Q3gTtU-0.jpg,"=IMAGE(""https://raw.githubusercontent.com/ericc-ch/dataset-ig-bakery/main/data/images/hollandbakeryindonesia-DV988Q3gTtU-0.jpg"")",https://raw.githubusercontent.com/ericc-ch/dataset-ig-bakery/main/data/images/hollandbakeryindonesia-DV988Q3gTtU-0.jpg,"=IMAGE(""https://raw.githubusercontent.com/ericc-ch/dataset-ig-bakery/main/data/images/hollandbakeryindonesia-DV988Q3gTtU-0.jpg"")",1152x1440
https://www.instagram.com/p/DV8icebAZeS/,2026-03-16T12:49:24.000Z,178,13,"Untuk dinikmati atau untuk dibagikan? 🍋🎁

 Lemon Cake cocok jadi teman momen manis bersama keluarga.
 Sedangkan Syawal Gift Box hadir sebagai hantaran praktis dengan kemasan elegan.
Keduanya siap menyempurnakan Hari Raya kamu. Yuk temukan di Holland Bakery 

#HollandBakery #TeratasKarenaKualitas  #HollandBakeryMarch #MomentRamadhan #ElevatingEveryMoment",1,https://raw.githubusercontent.com/ericc-ch/dataset-ig-bakery/main/data/images/hollandbakeryindonesia-DV8icebAZeS-0.jpg,"=IMAGE(""https://raw.githubusercontent.com/ericc-ch/dataset-ig-bakery/main/data/images/hollandbakeryindonesia-DV8icebAZeS-0.jpg"")",https://raw.githubusercontent.com/ericc-ch/dataset-ig-bakery/main/data/images/hollandbakeryindonesia-DV8icebAZeS-0.jpg,"=IMAGE(""https://raw.githubusercontent.com/ericc-ch/dataset-ig-bakery/main/data/images/hollandbakeryindonesia-DV8icebAZeS-0.jpg"")",1152x1440
https://www.instagram.com/p/DV2I1LKkury/,2026-03-14T01:10:57.000Z,51,13,"GRAND OPENING PROMOTION: DISKON 20% !

Hi Holland Bakery Lovers, telah dibuka outlet baru Holland Bakery Cibadak (Jl Siliwangi No 123 RT001 RW017)

No telp: 0857 7119 3285

Nikmati SPESIAL DISKON 20% untuk semua produk favoritmu mulai tanggal 14 s/d 20 Maret 2026

Yuk serbu sekarang sebelum kehabisan!",1,https://raw.githubusercontent.com/ericc-ch/dataset-ig-bakery/main/data/images/hollandbakeryindonesia-DV2I1LKkury-0.jpg,"=IMAGE(""https://raw.githubusercontent.com/ericc-ch/dataset-ig-bakery/main/data/images/hollandbakeryindonesia-DV2I1LKkury-0.jpg"")",https://raw.githubusercontent.com/ericc-ch/dataset-ig-bakery/main/data/images/hollandbakeryindonesia-DV2I1LKkury-0.jpg,"=IMAGE(""https://raw.githubusercontent.com/ericc-ch/dataset-ig-bakery/main/data/images/hollandbakeryindonesia-DV2I1LKkury-0.jpg"")",1080x1350
https://www.instagram.com/p/DV2IQlAkk_t/,2026-03-14T01:05:56.000Z,86,7,"GRAND OPENING PROMOTION: DISKON 20% !

Hi Holland Bakery Lovers, telah dibuka outlet baru Holland Bakery Mencong Ciledug (Jl. Cipto Mangunkusumo No. 101B)

No telp: 021 3889 3687

Nikmati SPESIAL DISKON 20% untuk semua produk favoritmu mulai tanggal 14 s/d 20 Maret 2026

Yuk serbu sekarang sebelum kehabisan!",1,https://raw.githubusercontent.com/ericc-ch/dataset-ig-bakery/main/data/images/hollandbakeryindonesia-DV2IQlAkk_t-0.jpg,"=IMAGE(""https://raw.githubusercontent.com/ericc-ch/dataset-ig-bakery/main/data/images/hollandbakeryindonesia-DV2IQlAkk_t-0.jpg"")",https://raw.githubusercontent.com/ericc-ch/dataset-ig-bakery/main/data/images/hollandbakeryindonesia-DV2IQlAkk_t-0.jpg,"=IMAGE(""https://raw.githubusercontent.com/ericc-ch/dataset-ig-bakery/main/data/images/hollandbakeryindonesia-DV2IQlAkk_t-0.jpg"")",1080x1350
https://www.instagram.com/p/DV2HvO6ku3V/,2026-03-14T01:00:02.000Z,54,2,"GRAND OPENING PROMOTION: DISKON 20% !

Hi Holland Bakery Lovers, telah dibuka outlet baru Holland Bakery Puri Gading (Ruko Puri Gading Blok PG1 No 26)

No telp: 0857 7306 3938

Nikmati SPESIAL DISKON 20% untuk semua produk favoritmu mulai tanggal 14 s/d 20 Maret 2026

Yuk serbu sekarang sebelum kehabisan!",1,https://raw.githubusercontent.com/ericc-ch/dataset-ig-bakery/main/data/images/hollandbakeryindonesia-DV2HvO6ku3V-0.jpg,"=IMAGE(""https://raw.githubusercontent.com/ericc-ch/dataset-ig-bakery/main/data/images/hollandbakeryindonesia-DV2HvO6ku3V-0.jpg"")",https://raw.githubusercontent.com/ericc-ch/dataset-ig-bakery/main/data/images/hollandbakeryindonesia-DV2HvO6ku3V-0.jpg,"=IMAGE(""https://raw.githubusercontent.com/ericc-ch/dataset-ig-bakery/main/data/images/hollandbakeryindonesia-DV2HvO6ku3V-0.jpg"")",1080x1350
https://www.instagram.com/p/DV0SVK9FgZP/,2026-03-13T07:54:40.000Z,185,20,"Pilih yang simpel atau yang spesial? 👀
- Classic Hamper — 3 varian cookies yang dikemas dengan tas cantik
 - Kareem Gift Box — desain premium dengan lebih banyak pilihan, yaitu 5 varian cookies
Drop pilihanmu di komentar!

 Langsung amankan hampersnya di Holland Bakery ✨

#HollandBakery #TeratasKarenaKualitas #HollandBakeryMarch #MomentofRamadhan #ElevatingEveryMoment #ClassicHamper",1,https://raw.githubusercontent.com/ericc-ch/dataset-ig-bakery/main/data/images/hollandbakeryindonesia-DV0SVK9FgZP-0.jpg,"=IMAGE(""https://raw.githubusercontent.com/ericc-ch/dataset-ig-bakery/main/data/images/hollandbakeryindonesia-DV0SVK9FgZP-0.jpg"")",https://raw.githubusercontent.com/ericc-ch/dataset-ig-bakery/main/data/images/hollandbakeryindonesia-DV0SVK9FgZP-0.jpg,"=IMAGE(""https://raw.githubusercontent.com/ericc-ch/dataset-ig-bakery/main/data/images/hollandbakeryindonesia-DV0SVK9FgZP-0.jpg"")",1152x1440
https://www.instagram.com/p/DVyCy84CHSf/,2026-03-12T11:00:27.000Z,201,22,"Potluck tapi mau tetap standout? 😆

Classic Hamper hadir dengan Nastar, Kaastengels dan 1 pilihan kue lainnya dalam tas lucu dan praktis, pas banget buat dibawa ke acara buka puasa bareng.
Yuk, order sekarang di link bio sebelum kehabisan 🤍

#HollandBakery #TeratasKarenaKualitas #HollandBakeryMarch #MomentofRamadhan #ElevatingEveryMoment #ClassicHamper",1,https://raw.githubusercontent.com/ericc-ch/dataset-ig-bakery/main/data/images/hollandbakeryindonesia-DVyCy84CHSf-0.jpg,"=IMAGE(""https://raw.githubusercontent.com/ericc-ch/dataset-ig-bakery/main/data/images/hollandbakeryindonesia-DVyCy84CHSf-0.jpg"")",https://raw.githubusercontent.com/ericc-ch/dataset-ig-bakery/main/data/images/hollandbakeryindonesia-DVyCy84CHSf-0.jpg,"=IMAGE(""https://raw.githubusercontent.com/ericc-ch/dataset-ig-bakery/main/data/images/hollandbakeryindonesia-DVyCy84CHSf-0.jpg"")",1152x1440
https://www.instagram.com/p/DVx798Akof-/,2026-03-12T10:00:49.000Z,44,4,"🚨 PEMBERITAHUAN PENTING 🚨

Kami mengimbau kepada seluruh pelanggan Holland Bakery Jatinegara & Holland Bakery Serpong untuk lebih berhati-hati dan memperhatikan informasi berikut.

Perlu kami klarifikasi bahwa nomor WhatsApp RESMI kami adalah berikut:

- Holland Bakery Pekanbaru 0818-0840-8181
- Holland Bakery Jatinegara 0818-0842-8181
- Holland Bakery Balikpapan 0818-0845-8181
- Holland Bakery Serpong 0818-0857-8181
- Holland Bakery Cikupa 0818-0846-8181
- Holland Bakery Kranji 0818-0843-8181

⚠️ Segala transaksi yang dilakukan di luar kanal resmi Holland Bakery bukan menjadi tanggung jawab kami.

❌ Mohon tidak melakukan transfer, pembayaran, maupun memberikan data pribadi apa pun melalui nomor yang tidak resmi.

Tetap waspada terhadap segala bentuk penipuan yang mengatasnamakan kami 🙏

Terima kasih atas perhatian dan kepercayaan Anda kepada Holland Bakery.",1,https://raw.githubusercontent.com/ericc-ch/dataset-ig-bakery/main/data/images/hollandbakeryindonesia-DVx798Akof--0.jpg,"=IMAGE(""https://raw.githubusercontent.com/ericc-ch/dataset-ig-bakery/main/data/images/hollandbakeryindonesia-DVx798Akof--0.jpg"")",https://raw.githubusercontent.com/ericc-ch/dataset-ig-bakery/main/data/images/hollandbakeryindonesia-DVx798Akof--0.jpg,"=IMAGE(""https://raw.githubusercontent.com/ericc-ch/dataset-ig-bakery/main/data/images/hollandbakeryindonesia-DVx798Akof--0.jpg"")",1080x1350
https://www.instagram.com/p/DVuxZOUkjFA/,2026-03-11T04:30:39.000Z,89,26,"🚨 PEMBERITAHUAN PENTING 🚨

Kami mengimbau kepada seluruh pelanggan Holland Bakery Galaxy untuk lebih berhati-hati dan memperhatikan informasi berikut.

Perlu kami klarifikasi bahwa nomor WhatsApp RESMI kami adalah:

📍 Holland Bakery Galaxy
📱 +62 856-9301-4157

⚠️ Nomor WhatsApp yang tertera pada GOOGLE MAPS adalah FIKTIF

Segala transaksi yang dilakukan di luar kanal resmi Holland Bakery bukan menjadi tanggung jawab kami.

❌ Mohon tidak melakukan transfer, pembayaran, maupun memberikan data pribadi apa pun melalui nomor yang tidak resmi.

Tetap waspada terhadap segala bentuk penipuan yang mengatasnamakan kami 🙏

Terima kasih atas perhatian dan kepercayaan Anda kepada Holland Bakery.",1,https://raw.githubusercontent.com/ericc-ch/dataset-ig-bakery/main/data/images/hollandbakeryindonesia-DVuxZOUkjFA-0.jpg,"=IMAGE(""https://raw.githubusercontent.com/ericc-ch/dataset-ig-bakery/main/data/images/hollandbakeryindonesia-DVuxZOUkjFA-0.jpg"")",https://raw.githubusercontent.com/ericc-ch/dataset-ig-bakery/main/data/images/hollandbakeryindonesia-DVuxZOUkjFA-0.jpg,"=IMAGE(""https://raw.githubusercontent.com/ericc-ch/dataset-ig-bakery/main/data/images/hollandbakeryindonesia-DVuxZOUkjFA-0.jpg"")",1280x1600
https://www.instagram.com/p/DVs5SSegImL/,2026-03-10T11:01:08.000Z,146,46,"Tradisi sederhana yang selalu hadir di waktu berbuka✨
Nastar, kue legendaris dengan isian selai nanas yang menyegarkan, takjil berbuka yang cocok untuk dimakan bersama keluarga😁
Buruan pesan kue kering ini di outlet Holland Bakery terdekat sekarang!

#HollandBakery #TeratasKarenaKualitas #HollandBakeryMarch #MomentofRamadhan #ElevatingEveryMoment #NastarSegi8",1,https://raw.githubusercontent.com/ericc-ch/dataset-ig-bakery/main/data/images/hollandbakeryindonesia-DVs5SSegImL-0.jpg,"=IMAGE(""https://raw.githubusercontent.com/ericc-ch/dataset-ig-bakery/main/data/images/hollandbakeryindonesia-DVs5SSegImL-0.jpg"")",https://raw.githubusercontent.com/ericc-ch/dataset-ig-bakery/main/data/images/hollandbakeryindonesia-DVs5SSegImL-0.jpg,"=IMAGE(""https://raw.githubusercontent.com/ericc-ch/dataset-ig-bakery/main/data/images/hollandbakeryindonesia-DVs5SSegImL-0.jpg"")",1152x1440
https://www.instagram.com/p/DVpWp_hgVcr/,2026-03-09T02:00:49.000Z,358,28,"Silaturahmi makin lengkap dengan bingkisan yang tepat 🎁

Syawal Gift Box, gift box baru dari Holland Bakery hadir dengan 4 varian kue kering lezat dalam kemasan unik dan praktis, berisi Nastar, Kaastengels dan 2 jenis kue kering pilihan. Siap jadi hadiah cantik untuk keluarga tercinta di momen Ramadhan dan Lebaran.
Yuk, pesan sekarang sebelum kehabisan ✨
#HollandBakery #TeratasKarenaKualitas #HollandBakeryMarch #MomentofRamadhan #ElevatingEveryMoment #SyawalGiftBox",1,https://raw.githubusercontent.com/ericc-ch/dataset-ig-bakery/main/data/images/hollandbakeryindonesia-DVpWp_hgVcr-0.jpg,"=IMAGE(""https://raw.githubusercontent.com/ericc-ch/dataset-ig-bakery/main/data/images/hollandbakeryindonesia-DVpWp_hgVcr-0.jpg"")",https://raw.githubusercontent.com/ericc-ch/dataset-ig-bakery/main/data/images/hollandbakeryindonesia-DVpWp_hgVcr-0.jpg,"=IMAGE(""https://raw.githubusercontent.com/ericc-ch/dataset-ig-bakery/main/data/images/hollandbakeryindonesia-DVpWp_hgVcr-0.jpg"")",1152x1440
https://www.instagram.com/p/DVkNBkrAT2W/,2026-03-07T02:00:26.000Z,125,6,"Bingung mau kirim apa ke tetangga? Coba kasih Coffee Raisin Pudding aja✨

Coffee Raisin Pudding dengan tekstur kenyal, aroma kopi yang wangi, dan topping kismis legit siap dan sponge cake dibagian bawah. Siap jadi hadiah sederhana tapi berkesan untuk tetangga tersayang. 
Yuk, pesan sekarang via aplikasi Holland Bakery ✨

#HollandBakery #TeratasKarenaKualitas #HollandBakeryMarch #MomentofRamadhan #ElevatingEveryMoment #CoffeeRaisinPudding",2,https://raw.githubusercontent.com/ericc-ch/dataset-ig-bakery/main/data/images/hollandbakeryindonesia-DVkNBkrAT2W-0.jpg,"=IMAGE(""https://raw.githubusercontent.com/ericc-ch/dataset-ig-bakery/main/data/images/hollandbakeryindonesia-DVkNBkrAT2W-0.jpg"")",https://raw.githubusercontent.com/ericc-ch/dataset-ig-bakery/main/data/images/hollandbakeryindonesia-DVkNBkrAT2W-0.jpg | https://raw.githubusercontent.com/ericc-ch/dataset-ig-bakery/main/data/images/hollandbakeryindonesia-DVkNBkrAT2W-1.jpg,"=IMAGE(""https://raw.githubusercontent.com/ericc-ch/dataset-ig-bakery/main/data/images/hollandbakeryindonesia-DVkNBkrAT2W-0.jpg"") | =IMAGE(""https://raw.githubusercontent.com/ericc-ch/dataset-ig-bakery/main/data/images/hollandbakeryindonesia-DVkNBkrAT2W-1.jpg"")",1152x1440 | 1152x1440
https://www.instagram.com/p/DViU2WRikqD/,2026-03-06T08:30:21.000Z,150,8,"Ramadhan is the perfect time to reconnect 🤍 Reconnect with a new gift box!

New Kareem Gift Box hadir dengan 5 varian kue kering lezat dalam satu hamper spesial, dapatkan Nastar, Kaastengels dan 3 jenis Kue Kering lainnya, pilihan manis untuk mempererat silaturahmi bersama keluarga dan sahabat.
Pesan sekarang melalui link di bio 🌙✨

#HollandBakery #TeratasKarenaKualitas #HollandBakeryMarch #MomentofRamadhan #ElevatingEveryMoment #KareemGiftBox",1,https://raw.githubusercontent.com/ericc-ch/dataset-ig-bakery/main/data/images/hollandbakeryindonesia-DViU2WRikqD-0.jpg,"=IMAGE(""https://raw.githubusercontent.com/ericc-ch/dataset-ig-bakery/main/data/images/hollandbakeryindonesia-DViU2WRikqD-0.jpg"")",https://raw.githubusercontent.com/ericc-ch/dataset-ig-bakery/main/data/images/hollandbakeryindonesia-DViU2WRikqD-0.jpg,"=IMAGE(""https://raw.githubusercontent.com/ericc-ch/dataset-ig-bakery/main/data/images/hollandbakeryindonesia-DViU2WRikqD-0.jpg"")",1152x1440
https://www.instagram.com/p/DVfuWeQE5WQ/,2026-03-05T08:15:27.000Z,116,6,"Takjil lezat buat menu buka puasa pejuang 9 to 5💼

Pusing kerja atau jalan macet, pasti bikin mood jelek banget😭Lemper Ayam jadi solusi buka puasa simpel. Ketan yang lembut dengan isi ayam yang gurih dan mengenyangkan!

#HollandBakery #TeratasKarenaKualitas #HollandBakeryMarch #MomentofRamadhan #ElevatingEveryMoment #LemperAyam",1,https://raw.githubusercontent.com/ericc-ch/dataset-ig-bakery/main/data/images/hollandbakeryindonesia-DVfuWeQE5WQ-0.jpg,"=IMAGE(""https://raw.githubusercontent.com/ericc-ch/dataset-ig-bakery/main/data/images/hollandbakeryindonesia-DVfuWeQE5WQ-0.jpg"")",https://raw.githubusercontent.com/ericc-ch/dataset-ig-bakery/main/data/images/hollandbakeryindonesia-DVfuWeQE5WQ-0.jpg,"=IMAGE(""https://raw.githubusercontent.com/ericc-ch/dataset-ig-bakery/main/data/images/hollandbakeryindonesia-DVfuWeQE5WQ-0.jpg"")",960x1203
https://www.instagram.com/p/DVdHDDtjoKe/,2026-03-04T07:53:32.000Z,86,6,"Panik karena kesiangan sahur? Tenang ada Danish Keju Apik😌

Danish Keju Apik, pastry flaky dengan filling krim keju lembut yang nikmat dan bikin kenyang. Solusi cepat biar tetap semangat puasa seharian!
Yuk, pesan sekarang di link bio ✨
#HollandBakery #TeratasKarenaKualitas #HollandBakeryMarch #MomentofRamadhan #ElevatingEveryMoment #DanishKejuApik",1,https://raw.githubusercontent.com/ericc-ch/dataset-ig-bakery/main/data/images/hollandbakeryindonesia-DVdHDDtjoKe-0.jpg,"=IMAGE(""https://raw.githubusercontent.com/ericc-ch/dataset-ig-bakery/main/data/images/hollandbakeryindonesia-DVdHDDtjoKe-0.jpg"")",https://raw.githubusercontent.com/ericc-ch/dataset-ig-bakery/main/data/images/hollandbakeryindonesia-DVdHDDtjoKe-0.jpg,"=IMAGE(""https://raw.githubusercontent.com/ericc-ch/dataset-ig-bakery/main/data/images/hollandbakeryindonesia-DVdHDDtjoKe-0.jpg"")",960x1203
https://www.instagram.com/p/DVPqEI3j1u4/,2026-02-27T02:30:09.000Z,104,22,"Teman terbaik buka puasa: Kelapa Pandan Pudding Log!🍮

Pudding kenyal dengan kombinasi kesegaran dan gurihnya kelapa, aroma pandan yang khas dan legitnya gula merah bersatu dalam Puding Kelapa Pandan Log.

Yuk, pesan di outlet Holland Bakery terdekat sekarang!

#HollandBakery #TeratasKarenaKualitas #HollandBakeryFebruary 
#RamadhanwithLove #KelapaPandanPudding",1,https://raw.githubusercontent.com/ericc-ch/dataset-ig-bakery/main/data/images/hollandbakeryindonesia-DVPqEI3j1u4-0.jpg,"=IMAGE(""https://raw.githubusercontent.com/ericc-ch/dataset-ig-bakery/main/data/images/hollandbakeryindonesia-DVPqEI3j1u4-0.jpg"")",https://raw.githubusercontent.com/ericc-ch/dataset-ig-bakery/main/data/images/hollandbakeryindonesia-DVPqEI3j1u4-0.jpg,"=IMAGE(""https://raw.githubusercontent.com/ericc-ch/dataset-ig-bakery/main/data/images/hollandbakeryindonesia-DVPqEI3j1u4-0.jpg"")",1638x2048
https://www.instagram.com/p/DVNFRS2AdiO/,2026-02-26T02:30:09.000Z,243,23,"Small gift with big meaning 👜🌙

Eid Delight, hamper totebag lucu berisi 3 varian kue kering lezat dalam hamper tote bag yang praktis dan menggemaskan. Pilihan tepat untuk berbagi kebahagiaan Ramadhan bersama sahabat terbaikmu.

Temukan di outlet terdekat atau cek detailnya di link bio 🤍 

#HollandBakery #TeratasKarenaKualitas #HollandBakeryFebruary 
#RamadhanwithLove #EidDelight",2,https://raw.githubusercontent.com/ericc-ch/dataset-ig-bakery/main/data/images/hollandbakeryindonesia-DVNFRS2AdiO-0.jpg,"=IMAGE(""https://raw.githubusercontent.com/ericc-ch/dataset-ig-bakery/main/data/images/hollandbakeryindonesia-DVNFRS2AdiO-0.jpg"")",https://raw.githubusercontent.com/ericc-ch/dataset-ig-bakery/main/data/images/hollandbakeryindonesia-DVNFRS2AdiO-0.jpg | https://raw.githubusercontent.com/ericc-ch/dataset-ig-bakery/main/data/images/hollandbakeryindonesia-DVNFRS2AdiO-1.jpg,"=IMAGE(""https://raw.githubusercontent.com/ericc-ch/dataset-ig-bakery/main/data/images/hollandbakeryindonesia-DVNFRS2AdiO-0.jpg"") | =IMAGE(""https://raw.githubusercontent.com/ericc-ch/dataset-ig-bakery/main/data/images/hollandbakeryindonesia-DVNFRS2AdiO-1.jpg"")",1638x2048 | 1638x2048
https://www.instagram.com/p/DVIrvRUDCdm/,2026-02-24T09:30:05.000Z,235,10,"Bukber harusnya seru, bukan ribut karena takjil kurang 🤭

Kue Nampan B1–35 pcs dari Holland Bakery hadir dengan 5 varian kue tradisional pilihan yang bisa kamu mix sesuai selera. Pas banget buat sharing satu meja!

Langsung pesan sekarang di Call Center 0818-0691-8181 🌙

#HollandBakery #TeratasKarenaKualitas #HollandBakeryFebruary 
#RamadhanwithLove #KueNampan",2,https://raw.githubusercontent.com/ericc-ch/dataset-ig-bakery/main/data/images/hollandbakeryindonesia-DVIrvRUDCdm-0.jpg,"=IMAGE(""https://raw.githubusercontent.com/ericc-ch/dataset-ig-bakery/main/data/images/hollandbakeryindonesia-DVIrvRUDCdm-0.jpg"")",https://raw.githubusercontent.com/ericc-ch/dataset-ig-bakery/main/data/images/hollandbakeryindonesia-DVIrvRUDCdm-0.jpg | https://raw.githubusercontent.com/ericc-ch/dataset-ig-bakery/main/data/images/hollandbakeryindonesia-DVIrvRUDCdm-1.jpg,"=IMAGE(""https://raw.githubusercontent.com/ericc-ch/dataset-ig-bakery/main/data/images/hollandbakeryindonesia-DVIrvRUDCdm-0.jpg"") | =IMAGE(""https://raw.githubusercontent.com/ericc-ch/dataset-ig-bakery/main/data/images/hollandbakeryindonesia-DVIrvRUDCdm-1.jpg"")",1638x2048 | 1638x2048
https://www.instagram.com/p/DVH_GyKjTb3/,2026-02-24T03:00:05.000Z,300,30,"A Thoughtful gift with big meaning 😊 

Elegant Hamper, berisi 4 varian cookies, toast slice, dan sparkling juice halal. Hadiah sempurna untuk menyampaikan rasa terimakasihmu! 

Order hamper ini sekarang!
#HollandBakery #TeratasKarenaKualitas #HollandBakeryFebruary 
#RamadhanwithLove #ElegantHamper",1,https://raw.githubusercontent.com/ericc-ch/dataset-ig-bakery/main/data/images/hollandbakeryindonesia-DVH_GyKjTb3-0.jpg,"=IMAGE(""https://raw.githubusercontent.com/ericc-ch/dataset-ig-bakery/main/data/images/hollandbakeryindonesia-DVH_GyKjTb3-0.jpg"")",https://raw.githubusercontent.com/ericc-ch/dataset-ig-bakery/main/data/images/hollandbakeryindonesia-DVH_GyKjTb3-0.jpg,"=IMAGE(""https://raw.githubusercontent.com/ericc-ch/dataset-ig-bakery/main/data/images/hollandbakeryindonesia-DVH_GyKjTb3-0.jpg"")",1638x2048
https://www.instagram.com/p/DVAELLkEpNO/,2026-02-21T01:10:15.000Z,62,7,"GRAND OPENING PROMOTION: DISKON 20% !

Hi Holland Bakery Lovers, telah dibuka outlet baru Holland Bakery Kramat Jati Indah (Jl. Raya Bogor Km 19 No. 3, RT.3/RW.1 Kramat Jati, Kec. Kramat Jati, Jakarta Timur)

No Telp:(021) 3883 1212

Nikmati SPESIAL DISKON 20% untuk semua produk favoritmu mulai tanggal 21 s/d 27 Februari 2026

Yuk serbu sekarang sebelum kehabisan!",1,https://raw.githubusercontent.com/ericc-ch/dataset-ig-bakery/main/data/images/hollandbakeryindonesia-DVAELLkEpNO-0.jpg,"=IMAGE(""https://raw.githubusercontent.com/ericc-ch/dataset-ig-bakery/main/data/images/hollandbakeryindonesia-DVAELLkEpNO-0.jpg"")",https://raw.githubusercontent.com/ericc-ch/dataset-ig-bakery/main/data/images/hollandbakeryindonesia-DVAELLkEpNO-0.jpg,"=IMAGE(""https://raw.githubusercontent.com/ericc-ch/dataset-ig-bakery/main/data/images/hollandbakeryindonesia-DVAELLkEpNO-0.jpg"")",1080x1350
https://www.instagram.com/p/DVADEirEk_Q/,2026-02-21T01:00:35.000Z,76,7,"GRAND OPENING PROMOTION: DISKON 20% !

Hi Holland Bakery Lovers, telah dibuka outlet baru Holland Bakery Kebagusan (Jl. Kebagusan Raya No.200, Blok 200L, Kel. Ragunan, Kec. Pasar Minggu)

No Telp:(021) 3882 0841

Nikmati SPESIAL DISKON 20% untuk semua produk favoritmu mulai tanggal 21 s/d 27 Februari 2026

Yuk serbu sekarang sebelum kehabisan!",1,https://raw.githubusercontent.com/ericc-ch/dataset-ig-bakery/main/data/images/hollandbakeryindonesia-DVADEirEk_Q-0.jpg,"=IMAGE(""https://raw.githubusercontent.com/ericc-ch/dataset-ig-bakery/main/data/images/hollandbakeryindonesia-DVADEirEk_Q-0.jpg"")",https://raw.githubusercontent.com/ericc-ch/dataset-ig-bakery/main/data/images/hollandbakeryindonesia-DVADEirEk_Q-0.jpg,"=IMAGE(""https://raw.githubusercontent.com/ericc-ch/dataset-ig-bakery/main/data/images/hollandbakeryindonesia-DVADEirEk_Q-0.jpg"")",1080x1350
https://www.instagram.com/p/DU8AkrDksWF/,2026-02-19T11:22:01.000Z,565,66,"Di bulan yang suci, hal sederhana jadi terasa lebih berarti 🌙

Fitrah Gift Box dengan 4 toples kue kering pilihan siap menemani momen silaturahmi dan buka bersama. Satu kotak, banyak kebahagiaan! Yuk, dapatkan sekarang melalui link di bio ✨

#HollandBakery #TeratasKarenaKualitas #HollandBakeryFebruary 
#RamadhanwithLove #FitrahGiftBox",2,https://raw.githubusercontent.com/ericc-ch/dataset-ig-bakery/main/data/images/hollandbakeryindonesia-DU8AkrDksWF-0.jpg,"=IMAGE(""https://raw.githubusercontent.com/ericc-ch/dataset-ig-bakery/main/data/images/hollandbakeryindonesia-DU8AkrDksWF-0.jpg"")",https://raw.githubusercontent.com/ericc-ch/dataset-ig-bakery/main/data/images/hollandbakeryindonesia-DU8AkrDksWF-0.jpg | https://raw.githubusercontent.com/ericc-ch/dataset-ig-bakery/main/data/images/hollandbakeryindonesia-DU8AkrDksWF-1.jpg,"=IMAGE(""https://raw.githubusercontent.com/ericc-ch/dataset-ig-bakery/main/data/images/hollandbakeryindonesia-DU8AkrDksWF-0.jpg"") | =IMAGE(""https://raw.githubusercontent.com/ericc-ch/dataset-ig-bakery/main/data/images/hollandbakeryindonesia-DU8AkrDksWF-1.jpg"")",1440x1800 | 1440x1800
https://www.instagram.com/p/DU16HJhD5K1/,2026-02-17T02:30:07.000Z,88,8,"Happy Chinese New Year!

Rayakan Tahun Baru Imlek dengan Kue Ku dan Onde-onde dari Holland Bakery. Sajian penuh makna yang melambangkan keberuntungan. Semoga tahun ini penuh dengan kemakmuran🏮🧧

#HollandBakery #TeratasKarenaKualitas #HollandBakeryFebruary #LoveandLuck #SoarTheFortune #KueKu #Onde-onde",1,https://raw.githubusercontent.com/ericc-ch/dataset-ig-bakery/main/data/images/hollandbakeryindonesia-DU16HJhD5K1-0.jpg,"=IMAGE(""https://raw.githubusercontent.com/ericc-ch/dataset-ig-bakery/main/data/images/hollandbakeryindonesia-DU16HJhD5K1-0.jpg"")",https://raw.githubusercontent.com/ericc-ch/dataset-ig-bakery/main/data/images/hollandbakeryindonesia-DU16HJhD5K1-0.jpg,"=IMAGE(""https://raw.githubusercontent.com/ericc-ch/dataset-ig-bakery/main/data/images/hollandbakeryindonesia-DU16HJhD5K1-0.jpg"")",1638x2048